72,Rose
270,Angela
929,Frank
1194,Patrick
1434,Lisa
1842,Kimberly
2319,Bonnie
2729,Michael
2746,Todd
3395,Joe
3768,Earl
4509,Robert
5135,Amy
5275,Pamela
5611,Maria
5720,Joe
5828,Linda
7671,Melissa
8205,Carol
8285,Paula
8498,Marilyn
9761,Jennifer
10011,Harry
10084,David
10776,Julia
10857,Kevin
12539,Paul
13122,James
13380,Kelly
13391,Robin
13523,Ralph
13762,Gloria
13944,Victor
14246,David
14363,Joyce
14366,Donna
14372,Michelle
14658,Stephanie
14777,Gerald
14863,Walter
15719,Christina
16259,Brandon
17295,Elizabeth
17762,Joseph
18330,Lawrence
18690,Marilyn
18983,Lori
19076,Matthew
19448,Jesse
20504,John
20534,Martha
21212,Timothy
21463,Christine
22196,Anthony
23278,Paula
23678,Kimberly
24663,Louise
25184,Martin
25238,Paul
25732,Antonio
26133,Jacqueline
26243,Diana
26253,John
26289,Dorothy
26895,Evelyn
27232,Phillip
28250,Evelyn
28275,Debra
28299,David
28614,Willie
30128,Brandon
30721,Ann
30755,Emily
32121,Dorothy
32172,Jonathan
32254,Dorothy
34242,Marilyn
35583,Norma
36228,Nancy
36322,Andrew
37704,Keith
38852,Benjamin
39277,Charles
39771,Alan
39782,Tammy
40226,Anna
40257,James
41293,Robin
41319,Jean
42052,Andrew
43892,Roy
44188,Diana
45386,Christina
45785,Jesse
46205,Joyce
47641,Patricia
48984,Gregory
49307,Brian
49652,Christine
49789,Lillian
50081,Aaron
50274,Dorothy
50393,Christopher
51385,Bobby
51410,Bobby
51503,Gerald
51906,Carol
52184,Jeremy
52274,Clarence
52500,Wayne
53315,Carolyn
54055,Margaret
54300,Andrew
55007,Albert
55107,Judy
55635,Arthur
56050,Cynthia
57147,Jerry
57650,Thomas
57694,Elizabeth
57947,Justin
59326,Albert
59640,James
59853,Stephen
59907,Alan
60412,Joshua
60738,Norma
61506,Mildred
61647,Melissa
61703,Paul
61885,Gerald
62626,Ronald
62669,Sandra
62764,Helen
64383,Larry
64617,Alan
65817,Paul
65900,Chris
65903,Steven
66031,Jennifer
66414,Bonnie
67640,Shirley
68141,Jeffrey
68645,Janet
68709,Albert
68908,Charles
69871,Kelly
70325,Bobby
71121,Elizabeth
71525,Keith
72757,Jose
72944,Ann
73095,Helen
73193,Jason
73355,Gerald
73418,Carlos
73961,Ryan
74101,Ashley
74160,Julia
74413,Harry
74553,Sean
74558,Julia
74932,Marilyn
75773,Cheryl
75984,Susan
77119,Judith
77211,Ruth
79555,Jane
79803,Sara
80659,Denise
81751,Jason
81936,Rose
82542,Susan
82704,Irene
83194,Jonathan
84304,Shawn
84653,Julia
85039,Linda
85242,Melissa
87768,Dennis
89033,Jeremy
89507,Patrick
90106,Jennifer
90500,Lillian
90653,Charles
91104,Philip
91557,Jimmy
91744,Doris
92776,Craig
93514,Walter
95822,Wayne
96117,Katherine
96546,Mark
97708,Barbara
97990,Mark
98095,Joe
98128,Maria
99104,John
99113,Brian
99559,Kimberly
